drive_folder,remote_entity_name
Canada_CA (CA10) - Canada Remote Technology Inc.,Canada_CA (CA10) - Canada Remote Technology Inc.
0 Uncategorized Entity Transactions,0 Uncategorized Entity Transactions
10. COA,10. COA
Zambia_ZM,Zambia_ZM
Uganda_UG - Remote Technology Uganda Limited,Uganda_UG - Remote Technology Uganda Limited
Kyrgyzstan_KG - Remote KG LLC,Kyrgyzstan_KG - Remote KG LLC
Albania_AL-Remote Albania SHPK,Albania_AL-Remote Albania SHPK
Romania_RO (RO10) - Remote Technology RO S.R.L.,Romania_RO (RO10) - Remote Technology RO S.R.L.
Brazil_BR (BR10) - Remote Brasil Fornecimento De Servicos LTDA,Brazil_BR (BR10) - Remote Brasil Fornecimento De Servicos LTDA
Mexico_MX (MX10) - R Remote Technology Mexico S.R.I de C.V.,Mexico_MX (MX10) - R Remote Technology Mexico S.R.I de C.V.
El Salvador_EV,El Salvador_EV
UK - Remote Global Services Ltd,UK - Remote Global Services Ltd
Norway_NO - Remote Technology Norway AS,Norway_NO - Remote Technology Norway AS
"Audit REHBV, RTSI, RTI","Audit REHBV, RTSI, RTI"
Serbia_RS (RS10) - Remote Technology RS,Serbia_RS (RS10) - Remote Technology RS
China ( CN),China ( CN)
Argentina_AR (AR10) - Remote Argentina SRL,Argentina_AR (AR10) - Remote Argentina SRL
Nigeria_NG - RN Virtual Technology Services Limited,Nigeria_NG - RN Virtual Technology Services Limited
Sweden_SE (SE10) - Remote Technology Sweden AB,Sweden_SE (SE10) - Remote Technology Sweden AB
Italy_IT (IT10) - Remote Technology Srl ,Italy_IT (IT10) - Remote Technology Srl 
Portugal_PT (PT10) - Remote Tech Unipessoal Lda,Portugal_PT (PT10) - Remote Tech Unipessoal Lda
Belarus_BY - RTB Technology Services LLC,Belarus_BY - RTB Technology Services LLC
United Arab Emirates (AE10) ,United Arab Emirates (AE10) 
France_FR (FR20) - Remote Technology Services France (Consulting),France_FR (FR20) - Remote Technology Services France (Consulting)
Netherlands_NL05 - Remote Financial Services EU B.V.,Netherlands_NL05 - Remote Financial Services EU B.V.
Netherlands_NL03 - Remote Services BV,Netherlands_NL03 - Remote Services BV
Netherlands_NL02 - Remote Finance BV,Netherlands_NL02 - Remote Finance BV
Netherlands_NL10 - Remote BV,Netherlands_NL10 - Remote BV
Netherlands_NL01 (REHBV) - Remote Europe Holding BV,Netherlands_NL01 (REHBV) - Remote Europe Holding BV
Armenia_AM - Remote Armenia LLC ,Armenia_AM - Remote Armenia LLC 
Bosnia (BA10)_Remote Technology BH,Bosnia (BA10)_Remote Technology BH
Bangladesh - Remote Technology Bangladesh Ltd.,Bangladesh - Remote Technology Bangladesh Ltd.
Cameroon_CM - Remote Cameroon Ltd,Cameroon_CM - Remote Cameroon Ltd
Costa Rica_CR - Remote Costa Rica Limitada SRL,Costa Rica_CR - Remote Costa Rica Limitada SRL
Bolivia_BO - Remote Bolivia S.R.L.,Bolivia_BO - Remote Bolivia S.R.L.
Australia_AU (AU10) - Remote Australia Pty Ltd,Australia_AU (AU10) - Remote Australia Pty Ltd
"Cambodia - Remote Technology Services (Cambodia) Co., Ltd.","Cambodia - Remote Technology Services (Cambodia) Co., Ltd."
Croatia_HR (HR10) - Remote Technology Croatia d.o.o,Croatia_HR (HR10) - Remote Technology Croatia d.o.o
"Dominican Republic_DO - Remote Republica Dominicana, S.R.L","Dominican Republic_DO - Remote Republica Dominicana, S.R.L"
Estonia_EE - Remote Estonia OÜ,Estonia_EE - Remote Estonia OÜ
Chile_CL (CL10) - Remote Chile SpA,Chile_CL (CL10) - Remote Chile SpA
Egypt_EG - Remote Egypt for Outsourcing Services,Egypt_EG - Remote Egypt for Outsourcing Services
Czech Republic_CZ (CZ10) - Remote Czech s.r.o,Czech Republic_CZ (CZ10) - Remote Czech s.r.o
Cyprus_CY - Remote Cyprus Ltd.,Cyprus_CY - Remote Cyprus Ltd.
Finland_FI - Remote Finland Oy,Finland_FI - Remote Finland Oy
Germany_DE (DE10) - Remote Technology GmbH,Germany_DE (DE10) - Remote Technology GmbH
Greece_GR - Remote Greece S.M.P.C.,Greece_GR - Remote Greece S.M.P.C.
"Honduras - Remote Honduras, S. de R.L.","Honduras - Remote Honduras, S. de R.L."
Kenya - Remote Technology Kenya Limited ,Kenya - Remote Technology Kenya Limited 
Israel_IL (IL10) - Remote Europe Holding BV - Israel Branch,Israel_IL (IL10) - Remote Europe Holding BV - Israel Branch
Latvia_LV - SIA Remote Latvia,Latvia_LV - SIA Remote Latvia
Japan_JP - Remote Japan KK,Japan_JP - Remote Japan KK
Hong Kong_HK - Remote Hongkong Limited,Hong Kong_HK - Remote Hongkong Limited
Malaysia_MY - Remote Malaysia Sdn. Bhd,Malaysia_MY - Remote Malaysia Sdn. Bhd
Mongolia - Remote Tech Mongolia LLC,Mongolia - Remote Tech Mongolia LLC
Ireland_IE (IE10) - Remote Management Technology Limited,Ireland_IE (IE10) - Remote Management Technology Limited
Malta_MT - Remote Malta Limited,Malta_MT - Remote Malta Limited
Panama_PA - Remote Panama S. de R.L.,Panama_PA - Remote Panama S. de R.L.
Lithuania_LT_Remote Lithuania UAB,Lithuania_LT_Remote Lithuania UAB
Iceland_IS -  Remote Technology Iceland ehf,Iceland_IS -  Remote Technology Iceland ehf
Pakistan - Remote Pakistan (SMC-Private) Limited,Pakistan - Remote Pakistan (SMC-Private) Limited
Morocco_MA - Remote Technology Morocco SARL,Morocco_MA - Remote Technology Morocco SARL
Poland_PL (PL10) - Remote Poland sp z o o (spólka z ograniczona odpowiedzialnoscia),Poland_PL (PL10) - Remote Poland sp z o o (spólka z ograniczona odpowiedzialnoscia)
Peru_PE - Remote Peru S.R.L.,Peru_PE - Remote Peru S.R.L.
New Zealand_NZ - Remote Technology New Zealand Limited,New Zealand_NZ - Remote Technology New Zealand Limited
Slovenia - Remote agencija za zaposlovanje d.o.o. (Remote LLC. (angleščina),Slovenia - Remote agencija za zaposlovanje d.o.o. (Remote LLC. (angleščina)
Paraguay - Remote Paraguay S.A.,Paraguay - Remote Paraguay S.A.
Senegal - Remote Senegal SARL,Senegal - Remote Senegal SARL
Slovakia_SK - Remote Slovakia s.r.o,Slovakia_SK - Remote Slovakia s.r.o
Ukraine_UA (UA10) - Remote Ukraine LLC,Ukraine_UA (UA10) - Remote Ukraine LLC
Uruguay - Remote Uruguay S.R.L.,Uruguay - Remote Uruguay S.R.L.
South Korea - Remote South Korea LLC,South Korea - Remote South Korea LLC
Spain_ES (ES10) - Remote Technology S.L.,Spain_ES (ES10) - Remote Technology S.L.
Turkey_TR - Remote Teknoloji Danışmanlık A.Ş,Turkey_TR - Remote Teknoloji Danışmanlık A.Ş
Sri Lanka - Remote Lanka (Private) Limited,Sri Lanka - Remote Lanka (Private) Limited
UK (GB10) - Remote Technology Services Ltd,UK (GB10) - Remote Technology Services Ltd
Vietnam_VN - Remote Vietnam Company Ltd,Vietnam_VN - Remote Vietnam Company Ltd
Macedonia (MK10),Macedonia (MK10)
Indonesia - PT Remote Tech Indonesia,Indonesia - PT Remote Tech Indonesia
Colombia_CO (CO10) - Remote Technology Colombia SAS,Colombia_CO (CO10) - Remote Technology Colombia SAS
Hungary_HU (HU10) - Remote Hungary KFT (Korlátolt Felelősségű Társaság),Hungary_HU (HU10) - Remote Hungary KFT (Korlátolt Felelősségű Társaság)
South Africa_ZA (ZA10)- South Africa Remote Technology PTY,South Africa_ZA (ZA10)- South Africa Remote Technology PTY
Philippines_PH (PH10) - Remote Philippines Inc.,Philippines_PH (PH10) - Remote Philippines Inc.
Taiwan_TW - Remote Taiwan Ltd.,Taiwan_TW - Remote Taiwan Ltd.
India_IN (IN10) - Remote Infosystems Private Limited,India_IN (IN10) - Remote Infosystems Private Limited
Georgia_GE - Remote Georgia LLC,Georgia_GE - Remote Georgia LLC
Luxembourg_LU (LU10) - Remote Luxembourg S.à r.l.,Luxembourg_LU (LU10) - Remote Luxembourg S.à r.l.
Bulgaria_BG (BG10) - Remote Bulgaria EOOD,Bulgaria_BG (BG10) - Remote Bulgaria EOOD
Belgium_BE (BE10) - Remote Belgium B.V.,Belgium_BE (BE10) - Remote Belgium B.V.
Austria_AT (AT10) - Remote Austria GmbH,Austria_AT (AT10) - Remote Austria GmbH
France_FR (FR10) - Remote SAS,France_FR (FR10) - Remote SAS
Ecuador_EC - Remote Ecuador Remotedor S.A.S.,Ecuador_EC - Remote Ecuador Remotedor S.A.S.
